{
    "providers": [
        {
            "type": "bitmap",
            "file": "minecraft:pixels/pixels.png",
            "ascent": 8,
            "height": 8,
            "chars":  [
                "\uE000\uE001\uE002\uE003\uE004\uE005\uE006\uE007\uE008\uE009\uE00A\uE00B\uE00C\uE00D\uE00E\uE00F"
            ]
        },
        {
            "type": "space",
            "advances": {
                "\uF000": -2,
                "\uF001": -1.5,
                "\uF002": 2,
                "\uF003": -0.5,
                "\u0000": 0,
                "\uF004": 0,
                "\uF005": 0,
                "\uF006": 0
            }
        }
    ]
}